Workbook

Sheet transactions_raw
A1: transaction_id | B1: transaction_date | C1: merchant_name | D1: raw_amount | E1: currency | F1: status | G1: risk_score | H1: gateway_region | I1: user_id | J1: payment_method
A2: T001 | B2: 46082 | C2: alpha mart | D2: 420000 | E2: INR | F2: captured | G2: score:62 | H2: APAC | I2: U001 | J2: UPI
A3: T002 | B3: 46082 | C3: ALPHA MART | D3: 210000 | E3: INR | F3: Captured | G3: 55 | I3: U002 | J3: Card
A4: T003 | B4: 46082 | C4: BETA STORES | D4: 510000 | E4: INR | F4: CAPTURED | G4: 71 | H4: APAC | I4: U003 | J4: NetBanking
A5: T004 | B5: 46083 | C5: Beta Stores | D5: 160000 | E5: INR | F5: failed e05 timeout | G5: 68 | H5: apac | I5: U004 | J5: Card
A6: T005 | B6: 46083 | C6: Alpha Mart | D6: 390000 | E6: INR | F6: CAPTURED | G6: 58 | I6: U001 | J6: UPI
A7: T006 | B7: 46083 | C7: Beta Stores | D7: 275000 | E7: INR | F7: Captured | G7: score:64 | I7: U005 | J7: Wallet
A8: T007 | B8: 46083 | C8: Alpha Mart | D8: 450000 | E8: INR | F8: chargeback | G8: risk-83 | H8: APAC | I8: U006 | J8: Card
A9: T008 | B9: 46084 | C9: BETA STORES | D9: 340000 | E9: INR | F9: Captured | G9: 59 | I9: U007 | J9: UPI
A10: T009 | B10: 46084 | C10: Alpha Mart | D10: 125000 | E10: INR | F10: captured | G10: 46 | H10: APAC | I10: U002 | J10: Wallet
A11: T010 | B11: 46084 | C11: Beta Stores | D11: 610000 | E11: INR | F11: captured | G11: risk-77 | I11: U003 | J11: Card
A12: T011 | B12: 46084 | C12: Alpha Mart | D12: 195000 | E12: INR | F12: FAILED e05 TIMEOUT | I12: U008 | J12: UPI
A13: T012 | B13: 46085 | C13: Beta Stores | D13: 250000 | E13: INR | F13: captured | G13: risk-61 | H13: APAC | I13: U009 | J13: Card
A14: T013 | B14: 46085 | C14: alpha mart | D14: 310000 | E14: INR | F14: captured | G14: score:54 | H14: APAC | I14: U010 | J14: UPI
A15: T014 | B15: 46085 | C15: Beta Stores | D15: 470000 | E15: INR | F15: captured | G15: risk-73 | H15: APAC | I15: U001 | J15: NetBanking
A16: T015 | B16: 46085 | C16: Alpha Mart | D16: 130000 | E16: INR | F16: captured | G16: score:52 | I16: U002 | J16: Card
A17: T016 | B17: 46086 | C17: Beta Stores | D17: 220000 | E17: INR | F17: failed E05 timeout | G17: risk-69 | I17: U008 | J17: Card
A18: T017 | B18: 46086 | C18: Beta Stores | D18: 180000 | E18: INR | F18: Failed E05 Timeout | G18: score:72 | H18: apac | I18: U008 | J18: Card
A19: T018 | B19: 46086 | C19: BETA STORES | D19: 145000 | E19: INR | F19: chargeback | G19: risk-86 | H19: APAC | I19: U008 | J19: UPI
A20: T019 | B20: 46086 | C20: Alpha Mart | D20: 260000 | E20: INR | F20: Failed E05 Timeout | G20: score:67 | H20: apac | I20: U008 | J20: Wallet
A21: T020 | B21: 46086 | C21: Alpha Mart | D21: 520000 | E21: INR | F21: Captured | G21: 75 | H21: APAC | I21: U005 | J21: UPI
A22: T021 | B22: 46087 | C22: beta stores | D22: 330000 | E22: INR | F22: captured | G22: score:63 | I22: U006 | J22: Card
A23: T022 | B23: 46087 | C23: ALPHA MART | D23: 410000 | E23: INR | F23: captured | G23: 60 | H23: APAC | I23: U007 | J23: UPI
A24: T023 | B24: 46082 | C24: City Pharma | D24: 5200 | E24: EUR | F24: Captured | G24: 42 | H24: EU | I24: U003 | J24: Card
A25: T024 | B25: 46083 | C25: Eco Home | D25: 6100 | E25: EUR | F25: chargeback | G25: score:65 | H25: EU | I25: U004 | J25: Card
A26: T025 | B26: 46084 | C26: City Pharma | D26: 2800 | E26: EUR | F26: captured | G26: 38 | H26: eu | I26: U005 | J26: Wallet
A27: T026 | B27: 46086 | C27: Eco Home | D27: 3300 | E27: EUR | F27: Failed E05 Timeout | G27: 44 | H27: EU | I27: U006 | J27: NetBanking
A28: T027 | B28: 46082 | C28: DELTA TRAVELS | D28: 7200 | E28: USD | F28: captured | G28: 49 | H28: us | I28: U007 | J28: Card
A29: T028 | B29: 46083 | C29: Delta Travels | D29: 3100 | E29: USD | F29: CAPTURED | G29: risk-41 | H29: US | I29: U008 | J29: Card
A30: T029 | B30: 46085 | C30: delta travels | D30: 2500 | E30: USD | F30: chargeback | G30: score:58 | H30: US | I30: U009 | J30: Wallet
A31: T030 | B31: 46087 | C31: DELTA TRAVELS | D31: 1800 | E31: USD | F31: Failed E05 Timeout | G31: score:47 | H31: US | I31: U010 | J31: UPI

Sheet cleaned
A1: transaction_id | B1: transaction_date | C1: merchant_name | D1: raw_amount | E1: currency | F1: status | G1: risk_score | H1: gateway_region | I1: user_id | J1: payment_method | K1: clean_merchant | L1: clean_date | M1: clean_status | N1: clean_risk_score | O1: clean_region | P1: amount_usd | Q1: high_value_flag | R1: high_risk_flag
A2: T001 | B2: 46082 | C2: alpha mart | D2: 420000 | E2: INR | F2: captured | G2: score:62 | H2: APAC | I2: U001 | J2: UPI | K2: =PROPER(TRIM(SUBSTITUTE(SUBSTITUTE(C2," "," ")," "," "))) -> Alpha Mart | L2: =IF(ISNUMBER(B2),TEXT(B2,"YYYY-MM-DD"),TEXT(DATE(MID(B2,7,4),MID(B2,4,2),LEFT(B2,2)),"YYYY-MM-DD")) -> 2026-03-01 | M2: =IF(OR(LOWER(TRIM(F2))="captured",LOWER(TRIM(F2))="captured "),"captured",IF(ISNUMBER(SEARCH("chargeback",F2)),"chargeback",IF(ISNUMBER(SEARCH("failed",F2)),"failed",LOWER(TRIM(F2))))) -> captured | N2: =IF(ISNUMBER(VALUE(TRIM(G2))),VALUE(TRIM(G2)),IF(ISNUMBER(SEARCH("score:",G2)),VALUE(TRIM(MID(G2,FIND(":",G2)+1,10))),IF(ISNUMBER(SEARCH("risk-",G2)),VALUE(TRIM(MID(G2,FIND("-",G2)+1,10))),""))) -> 62 | O2: =IF(TRIM(E2)="INR","APAC",IF(TRIM(E2)="EUR","EU",IF(TRIM(E2)="USD","US",UPPER(TRIM(H2))))) -> APAC | P2: =IF(E2="INR",D2*0.012,IF(E2="EUR",D2*1.08,D2)) -> 5040 | Q2: =IF(AND(O2="APAC",P2>5000),1,IF(AND(O2="EU",P2>6000),1,IF(AND(O2="US",P2>7000),1,0))) -> 1 | R2: =IF(OR(N2>=70,ISNUMBER(SEARCH("chargeback",F2))),1,0) -> 0
A3: T002 | B3: 46082 | C3: ALPHA MART | D3: 210000 | E3: INR | F3: Captured | G3: 55 | I3: U002 | J3: Card | K3: =PROPER(TRIM(SUBSTITUTE(SUBSTITUTE(C3," "," ")," "," "))) -> Alpha Mart | L3: =IF(ISNUMBER(B3),TEXT(B3,"YYYY-MM-DD"),TEXT(DATE(MID(B3,7,4),MID(B3,4,2),LEFT(B3,2)),"YYYY-MM-DD")) -> 2026-03-01 | M3: =IF(OR(LOWER(TRIM(F3))="captured",LOWER(TRIM(F3))="captured "),"captured",IF(ISNUMBER(SEARCH("chargeback",F3)),"chargeback",IF(ISNUMBER(SEARCH("failed",F3)),"failed",LOWER(TRIM(F3))))) -> captured | N3: =IF(ISNUMBER(VALUE(TRIM(G3))),VALUE(TRIM(G3)),IF(ISNUMBER(SEARCH("score:",G3)),VALUE(TRIM(MID(G3,FIND(":",G3)+1,10))),IF(ISNUMBER(SEARCH("risk-",G3)),VALUE(TRIM(MID(G3,FIND("-",G3)+1,10))),""))) -> 55 | O3: =IF(TRIM(E3)="INR","APAC",IF(TRIM(E3)="EUR","EU",IF(TRIM(E3)="USD","US",UPPER(TRIM(H3))))) -> APAC | P3: =IF(E3="INR",D3*0.012,IF(E3="EUR",D3*1.08,D3)) -> 2520 | Q3: =IF(AND(O3="APAC",P3>5000),1,IF(AND(O3="EU",P3>6000),1,IF(AND(O3="US",P3>7000),1,0))) -> 0 | R3: =IF(OR(N3>=70,ISNUMBER(SEARCH("chargeback",F3))),1,0) -> 0
A4: T003 | B4: 46082 | C4: BETA STORES | D4: 510000 | E4: INR | F4: CAPTURED | G4: 71 | H4: APAC | I4: U003 | J4: NetBanking | K4: =PROPER(TRIM(SUBSTITUTE(SUBSTITUTE(C4," "," ")," "," "))) -> Beta Stores | L4: =IF(ISNUMBER(B4),TEXT(B4,"YYYY-MM-DD"),TEXT(DATE(MID(B4,7,4),MID(B4,4,2),LEFT(B4,2)),"YYYY-MM-DD")) -> 2026-03-01 | M4: =IF(OR(LOWER(TRIM(F4))="captured",LOWER(TRIM(F4))="captured "),"captured",IF(ISNUMBER(SEARCH("chargeback",F4)),"chargeback",IF(ISNUMBER(SEARCH("failed",F4)),"failed",LOWER(TRIM(F4))))) -> captured | N4: =IF(ISNUMBER(VALUE(TRIM(G4))),VALUE(TRIM(G4)),IF(ISNUMBER(SEARCH("score:",G4)),VALUE(TRIM(MID(G4,FIND(":",G4)+1,10))),IF(ISNUMBER(SEARCH("risk-",G4)),VALUE(TRIM(MID(G4,FIND("-",G4)+1,10))),""))) -> 71 | O4: =IF(TRIM(E4)="INR","APAC",IF(TRIM(E4)="EUR","EU",IF(TRIM(E4)="USD","US",UPPER(TRIM(H4))))) -> APAC | P4: =IF(E4="INR",D4*0.012,IF(E4="EUR",D4*1.08,D4)) -> 6120 | Q4: =IF(AND(O4="APAC",P4>5000),1,IF(AND(O4="EU",P4>6000),1,IF(AND(O4="US",P4>7000),1,0))) -> 1 | R4: =IF(OR(N4>=70,ISNUMBER(SEARCH("chargeback",F4))),1,0) -> 1
A5: T004 | B5: 46083 | C5: Beta Stores | D5: 160000 | E5: INR | F5: failed e05 timeout | G5: 68 | H5: apac | I5: U004 | J5: Card | K5: =PROPER(TRIM(SUBSTITUTE(SUBSTITUTE(C5," "," ")," "," "))) -> Beta Stores | L5: =IF(ISNUMBER(B5),TEXT(B5,"YYYY-MM-DD"),TEXT(DATE(MID(B5,7,4),MID(B5,4,2),LEFT(B5,2)),"YYYY-MM-DD")) -> 2026-03-02 | M5: =IF(OR(LOWER(TRIM(F5))="captured",LOWER(TRIM(F5))="captured "),"captured",IF(ISNUMBER(SEARCH("chargeback",F5)),"chargeback",IF(ISNUMBER(SEARCH("failed",F5)),"failed",LOWER(TRIM(F5))))) -> failed | N5: =IF(ISNUMBER(VALUE(TRIM(G5))),VALUE(TRIM(G5)),IF(ISNUMBER(SEARCH("score:",G5)),VALUE(TRIM(MID(G5,FIND(":",G5)+1,10))),IF(ISNUMBER(SEARCH("risk-",G5)),VALUE(TRIM(MID(G5,FIND("-",G5)+1,10))),""))) -> 68 | O5: =IF(TRIM(E5)="INR","APAC",IF(TRIM(E5)="EUR","EU",IF(TRIM(E5)="USD","US",UPPER(TRIM(H5))))) -> APAC | P5: =IF(E5="INR",D5*0.012,IF(E5="EUR",D5*1.08,D5)) -> 1920 | Q5: =IF(AND(O5="APAC",P5>5000),1,IF(AND(O5="EU",P5>6000),1,IF(AND(O5="US",P5>7000),1,0))) -> 0 | R5: =IF(OR(N5>=70,ISNUMBER(SEARCH("chargeback",F5))),1,0) -> 0
A6: T005 | B6: 46083 | C6: Alpha Mart | D6: 390000 | E6: INR | F6: CAPTURED | G6: 58 | I6: U001 | J6: UPI | K6: =PROPER(TRIM(SUBSTITUTE(SUBSTITUTE(C6," "," ")," "," "))) -> Alpha Mart | L6: =IF(ISNUMBER(B6),TEXT(B6,"YYYY-MM-DD"),TEXT(DATE(MID(B6,7,4),MID(B6,4,2),LEFT(B6,2)),"YYYY-MM-DD")) -> 2026-03-02 | M6: =IF(OR(LOWER(TRIM(F6))="captured",LOWER(TRIM(F6))="captured "),"captured",IF(ISNUMBER(SEARCH("chargeback",F6)),"chargeback",IF(ISNUMBER(SEARCH("failed",F6)),"failed",LOWER(TRIM(F6))))) -> captured | N6: =IF(ISNUMBER(VALUE(TRIM(G6))),VALUE(TRIM(G6)),IF(ISNUMBER(SEARCH("score:",G6)),VALUE(TRIM(MID(G6,FIND(":",G6)+1,10))),IF(ISNUMBER(SEARCH("risk-",G6)),VALUE(TRIM(MID(G6,FIND("-",G6)+1,10))),""))) -> 58 | O6: =IF(TRIM(E6)="INR","APAC",IF(TRIM(E6)="EUR","EU",IF(TRIM(E6)="USD","US",UPPER(TRIM(H6))))) -> APAC | P6: =IF(E6="INR",D6*0.012,IF(E6="EUR",D6*1.08,D6)) -> 4680 | Q6: =IF(AND(O6="APAC",P6>5000),1,IF(AND(O6="EU",P6>6000),1,IF(AND(O6="US",P6>7000),1,0))) -> 0 | R6: =IF(OR(N6>=70,ISNUMBER(SEARCH("chargeback",F6))),1,0) -> 0
A7: T006 | B7: 46083 | C7: Beta Stores | D7: 275000 | E7: INR | F7: Captured | G7: score:64 | I7: U005 | J7: Wallet | K7: =PROPER(TRIM(SUBSTITUTE(SUBSTITUTE(C7," "," ")," "," "))) -> Beta Stores | L7: =IF(ISNUMBER(B7),TEXT(B7,"YYYY-MM-DD"),TEXT(DATE(MID(B7,7,4),MID(B7,4,2),LEFT(B7,2)),"YYYY-MM-DD")) -> 2026-03-02 | M7: =IF(OR(LOWER(TRIM(F7))="captured",LOWER(TRIM(F7))="captured "),"captured",IF(ISNUMBER(SEARCH("chargeback",F7)),"chargeback",IF(ISNUMBER(SEARCH("failed",F7)),"failed",LOWER(TRIM(F7))))) -> captured | N7: =IF(ISNUMBER(VALUE(TRIM(G7))),VALUE(TRIM(G7)),IF(ISNUMBER(SEARCH("score:",G7)),VALUE(TRIM(MID(G7,FIND(":",G7)+1,10))),IF(ISNUMBER(SEARCH("risk-",G7)),VALUE(TRIM(MID(G7,FIND("-",G7)+1,10))),""))) -> 64 | O7: =IF(TRIM(E7)="INR","APAC",IF(TRIM(E7)="EUR","EU",IF(TRIM(E7)="USD","US",UPPER(TRIM(H7))))) -> APAC | P7: =IF(E7="INR",D7*0.012,IF(E7="EUR",D7*1.08,D7)) -> 3300 | Q7: =IF(AND(O7="APAC",P7>5000),1,IF(AND(O7="EU",P7>6000),1,IF(AND(O7="US",P7>7000),1,0))) -> 0 | R7: =IF(OR(N7>=70,ISNUMBER(SEARCH("chargeback",F7))),1,0) -> 0
A8: T007 | B8: 46083 | C8: Alpha Mart | D8: 450000 | E8: INR | F8: chargeback | G8: risk-83 | H8: APAC | I8: U006 | J8: Card | K8: =PROPER(TRIM(SUBSTITUTE(SUBSTITUTE(C8," "," ")," "," "))) -> Alpha Mart | L8: =IF(ISNUMBER(B8),TEXT(B8,"YYYY-MM-DD"),TEXT(DATE(MID(B8,7,4),MID(B8,4,2),LEFT(B8,2)),"YYYY-MM-DD")) -> 2026-03-02 | M8: =IF(OR(LOWER(TRIM(F8))="captured",LOWER(TRIM(F8))="captured "),"captured",IF(ISNUMBER(SEARCH("chargeback",F8)),"chargeback",IF(ISNUMBER(SEARCH("failed",F8)),"failed",LOWER(TRIM(F8))))) -> chargeback | N8: =IF(ISNUMBER(VALUE(TRIM(G8))),VALUE(TRIM(G8)),IF(ISNUMBER(SEARCH("score:",G8)),VALUE(TRIM(MID(G8,FIND(":",G8)+1,10))),IF(ISNUMBER(SEARCH("risk-",G8)),VALUE(TRIM(MID(G8,FIND("-",G8)+1,10))),""))) -> 83 | O8: =IF(TRIM(E8)="INR","APAC",IF(TRIM(E8)="EUR","EU",IF(TRIM(E8)="USD","US",UPPER(TRIM(H8))))) -> APAC | P8: =IF(E8="INR",D8*0.012,IF(E8="EUR",D8*1.08,D8)) -> 5400 | Q8: =IF(AND(O8="APAC",P8>5000),1,IF(AND(O8="EU",P8>6000),1,IF(AND(O8="US",P8>7000),1,0))) -> 1 | R8: =IF(OR(N8>=70,ISNUMBER(SEARCH("chargeback",F8))),1,0) -> 1
A9: T008 | B9: 46084 | C9: BETA STORES | D9: 340000 | E9: INR | F9: Captured | G9: 59 | I9: U007 | J9: UPI | K9: =PROPER(TRIM(SUBSTITUTE(SUBSTITUTE(C9," "," ")," "," "))) -> Beta Stores | L9: =IF(ISNUMBER(B9),TEXT(B9,"YYYY-MM-DD"),TEXT(DATE(MID(B9,7,4),MID(B9,4,2),LEFT(B9,2)),"YYYY-MM-DD")) -> 2026-03-03 | M9: =IF(OR(LOWER(TRIM(F9))="captured",LOWER(TRIM(F9))="captured "),"captured",IF(ISNUMBER(SEARCH("chargeback",F9)),"chargeback",IF(ISNUMBER(SEARCH("failed",F9)),"failed",LOWER(TRIM(F9))))) -> captured | N9: =IF(ISNUMBER(VALUE(TRIM(G9))),VALUE(TRIM(G9)),IF(ISNUMBER(SEARCH("score:",G9)),VALUE(TRIM(MID(G9,FIND(":",G9)+1,10))),IF(ISNUMBER(SEARCH("risk-",G9)),VALUE(TRIM(MID(G9,FIND("-",G9)+1,10))),""))) -> 59 | O9: =IF(TRIM(E9)="INR","APAC",IF(TRIM(E9)="EUR","EU",IF(TRIM(E9)="USD","US",UPPER(TRIM(H9))))) -> APAC | P9: =IF(E9="INR",D9*0.012,IF(E9="EUR",D9*1.08,D9)) -> 4080 | Q9: =IF(AND(O9="APAC",P9>5000),1,IF(AND(O9="EU",P9>6000),1,IF(AND(O9="US",P9>7000),1,0))) -> 0 | R9: =IF(OR(N9>=70,ISNUMBER(SEARCH("chargeback",F9))),1,0) -> 0
A10: T009 | B10: 46084 | C10: Alpha Mart | D10: 125000 | E10: INR | F10: captured | G10: 46 | H10: APAC | I10: U002 | J10: Wallet | K10: =PROPER(TRIM(SUBSTITUTE(SUBSTITUTE(C10," "," ")," "," "))) -> Alpha Mart | L10: =IF(ISNUMBER(B10),TEXT(B10,"YYYY-MM-DD"),TEXT(DATE(MID(B10,7,4),MID(B10,4,2),LEFT(B10,2)),"YYYY-MM-DD")) -> 2026-03-03 | M10: =IF(OR(LOWER(TRIM(F10))="captured",LOWER(TRIM(F10))="captured "),"captured",IF(ISNUMBER(SEARCH("chargeback",F10)),"chargeback",IF(ISNUMBER(SEARCH("failed",F10)),"failed",LOWER(TRIM(F10))))) -> captured | N10: =IF(ISNUMBER(VALUE(TRIM(G10))),VALUE(TRIM(G10)),IF(ISNUMBER(SEARCH("score:",G10)),VALUE(TRIM(MID(G10,FIND(":",G10)+1,10))),IF(ISNUMBER(SEARCH("risk-",G10)),VALUE(TRIM(MID(G10,FIND("-",G10)+1,10))),""))) -> 46 | O10: =IF(TRIM(E10)="INR","APAC",IF(TRIM(E10)="EUR","EU",IF(TRIM(E10)="USD","US",UPPER(TRIM(H10))))) -> APAC | P10: =IF(E10="INR",D10*0.012,IF(E10="EUR",D10*1.08,D10)) -> 1500 | Q10: =IF(AND(O10="APAC",P10>5000),1,IF(AND(O10="EU",P10>6000),1,IF(AND(O10="US",P10>7000),1,0))) -> 0 | R10: =IF(OR(N10>=70,ISNUMBER(SEARCH("chargeback",F10))),1,0) -> 0
A11: T010 | B11: 46084 | C11: Beta Stores | D11: 610000 | E11: INR | F11: captured | G11: risk-77 | I11: U003 | J11: Card | K11: =PROPER(TRIM(SUBSTITUTE(SUBSTITUTE(C11," "," ")," "," "))) -> Beta Stores | L11: =IF(ISNUMBER(B11),TEXT(B11,"YYYY-MM-DD"),TEXT(DATE(MID(B11,7,4),MID(B11,4,2),LEFT(B11,2)),"YYYY-MM-DD")) -> 2026-03-03 | M11: =IF(OR(LOWER(TRIM(F11))="captured",LOWER(TRIM(F11))="captured "),"captured",IF(ISNUMBER(SEARCH("chargeback",F11)),"chargeback",IF(ISNUMBER(SEARCH("failed",F11)),"failed",LOWER(TRIM(F11))))) -> captured | N11: =IF(ISNUMBER(VALUE(TRIM(G11))),VALUE(TRIM(G11)),IF(ISNUMBER(SEARCH("score:",G11)),VALUE(TRIM(MID(G11,FIND(":",G11)+1,10))),IF(ISNUMBER(SEARCH("risk-",G11)),VALUE(TRIM(MID(G11,FIND("-",G11)+1,10))),""))) -> 77 | O11: =IF(TRIM(E11)="INR","APAC",IF(TRIM(E11)="EUR","EU",IF(TRIM(E11)="USD","US",UPPER(TRIM(H11))))) -> APAC | P11: =IF(E11="INR",D11*0.012,IF(E11="EUR",D11*1.08,D11)) -> 7320 | Q11: =IF(AND(O11="APAC",P11>5000),1,IF(AND(O11="EU",P11>6000),1,IF(AND(O11="US",P11>7000),1,0))) -> 1 | R11: =IF(OR(N11>=70,ISNUMBER(SEARCH("chargeback",F11))),1,0) -> 1
A12: T011 | B12: 46084 | C12: Alpha Mart | D12: 195000 | E12: INR | F12: FAILED e05 TIMEOUT | I12: U008 | J12: UPI | K12: =PROPER(TRIM(SUBSTITUTE(SUBSTITUTE(C12," "," ")," "," "))) -> Alpha Mart | L12: =IF(ISNUMBER(B12),TEXT(B12,"YYYY-MM-DD"),TEXT(DATE(MID(B12,7,4),MID(B12,4,2),LEFT(B12,2)),"YYYY-MM-DD")) -> 2026-03-03 | M12: =IF(OR(LOWER(TRIM(F12))="captured",LOWER(TRIM(F12))="captured "),"captured",IF(ISNUMBER(SEARCH("chargeback",F12)),"chargeback",IF(ISNUMBER(SEARCH("failed",F12)),"failed",LOWER(TRIM(F12))))) -> failed | O12: =IF(TRIM(E12)="INR","APAC",IF(TRIM(E12)="EUR","EU",IF(TRIM(E12)="USD","US",UPPER(TRIM(H12))))) -> APAC | P12: =IF(E12="INR",D12*0.012,IF(E12="EUR",D12*1.08,D12)) -> 2340 | Q12: =IF(AND(O12="APAC",P12>5000),1,IF(AND(O12="EU",P12>6000),1,IF(AND(O12="US",P12>7000),1,0))) -> 0 | R12: =IF(OR(N12>=70,ISNUMBER(SEARCH("chargeback",F12))),1,0) -> 0
A13: T012 | B13: 46085 | C13: Beta Stores | D13: 250000 | E13: INR | F13: captured | G13: risk-61 | H13: APAC | I13: U009 | J13: Card | K13: =PROPER(TRIM(SUBSTITUTE(SUBSTITUTE(C13," "," ")," "," "))) -> Beta Stores | L13: =IF(ISNUMBER(B13),TEXT(B13,"YYYY-MM-DD"),TEXT(DATE(MID(B13,7,4),MID(B13,4,2),LEFT(B13,2)),"YYYY-MM-DD")) -> 2026-03-04 | M13: =IF(OR(LOWER(TRIM(F13))="captured",LOWER(TRIM(F13))="captured "),"captured",IF(ISNUMBER(SEARCH("chargeback",F13)),"chargeback",IF(ISNUMBER(SEARCH("failed",F13)),"failed",LOWER(TRIM(F13))))) -> captured | N13: =IF(ISNUMBER(VALUE(TRIM(G13))),VALUE(TRIM(G13)),IF(ISNUMBER(SEARCH("score:",G13)),VALUE(TRIM(MID(G13,FIND(":",G13)+1,10))),IF(ISNUMBER(SEARCH("risk-",G13)),VALUE(TRIM(MID(G13,FIND("-",G13)+1,10))),""))) -> 61 | O13: =IF(TRIM(E13)="INR","APAC",IF(TRIM(E13)="EUR","EU",IF(TRIM(E13)="USD","US",UPPER(TRIM(H13))))) -> APAC | P13: =IF(E13="INR",D13*0.012,IF(E13="EUR",D13*1.08,D13)) -> 3000 | Q13: =IF(AND(O13="APAC",P13>5000),1,IF(AND(O13="EU",P13>6000),1,IF(AND(O13="US",P13>7000),1,0))) -> 0 | R13: =IF(OR(N13>=70,ISNUMBER(SEARCH("chargeback",F13))),1,0) -> 0
A14: T013 | B14: 46085 | C14: alpha mart | D14: 310000 | E14: INR | F14: captured | G14: score:54 | H14: APAC | I14: U010 | J14: UPI | K14: =PROPER(TRIM(SUBSTITUTE(SUBSTITUTE(C14," "," ")," "," "))) -> Alpha Mart | L14: =IF(ISNUMBER(B14),TEXT(B14,"YYYY-MM-DD"),TEXT(DATE(MID(B14,7,4),MID(B14,4,2),LEFT(B14,2)),"YYYY-MM-DD")) -> 2026-03-04 | M14: =IF(OR(LOWER(TRIM(F14))="captured",LOWER(TRIM(F14))="captured "),"captured",IF(ISNUMBER(SEARCH("chargeback",F14)),"chargeback",IF(ISNUMBER(SEARCH("failed",F14)),"failed",LOWER(TRIM(F14))))) -> captured | N14: =IF(ISNUMBER(VALUE(TRIM(G14))),VALUE(TRIM(G14)),IF(ISNUMBER(SEARCH("score:",G14)),VALUE(TRIM(MID(G14,FIND(":",G14)+1,10))),IF(ISNUMBER(SEARCH("risk-",G14)),VALUE(TRIM(MID(G14,FIND("-",G14)+1,10))),""))) -> 54 | O14: =IF(TRIM(E14)="INR","APAC",IF(TRIM(E14)="EUR","EU",IF(TRIM(E14)="USD","US",UPPER(TRIM(H14))))) -> APAC | P14: =IF(E14="INR",D14*0.012,IF(E14="EUR",D14*1.08,D14)) -> 3720 | Q14: =IF(AND(O14="APAC",P14>5000),1,IF(AND(O14="EU",P14>6000),1,IF(AND(O14="US",P14>7000),1,0))) -> 0 | R14: =IF(OR(N14>=70,ISNUMBER(SEARCH("chargeback",F14))),1,0) -> 0
A15: T014 | B15: 46085 | C15: Beta Stores | D15: 470000 | E15: INR | F15: captured | G15: risk-73 | H15: APAC | I15: U001 | J15: NetBanking | K15: =PROPER(TRIM(SUBSTITUTE(SUBSTITUTE(C15," "," ")," "," "))) -> Beta Stores | L15: =IF(ISNUMBER(B15),TEXT(B15,"YYYY-MM-DD"),TEXT(DATE(MID(B15,7,4),MID(B15,4,2),LEFT(B15,2)),"YYYY-MM-DD")) -> 2026-03-04 | M15: =IF(OR(LOWER(TRIM(F15))="captured",LOWER(TRIM(F15))="captured "),"captured",IF(ISNUMBER(SEARCH("chargeback",F15)),"chargeback",IF(ISNUMBER(SEARCH("failed",F15)),"failed",LOWER(TRIM(F15))))) -> captured | N15: =IF(ISNUMBER(VALUE(TRIM(G15))),VALUE(TRIM(G15)),IF(ISNUMBER(SEARCH("score:",G15)),VALUE(TRIM(MID(G15,FIND(":",G15)+1,10))),IF(ISNUMBER(SEARCH("risk-",G15)),VALUE(TRIM(MID(G15,FIND("-",G15)+1,10))),""))) -> 73 | O15: =IF(TRIM(E15)="INR","APAC",IF(TRIM(E15)="EUR","EU",IF(TRIM(E15)="USD","US",UPPER(TRIM(H15))))) -> APAC | P15: =IF(E15="INR",D15*0.012,IF(E15="EUR",D15*1.08,D15)) -> 5640 | Q15: =IF(AND(O15="APAC",P15>5000),1,IF(AND(O15="EU",P15>6000),1,IF(AND(O15="US",P15>7000),1,0))) -> 1 | R15: =IF(OR(N15>=70,ISNUMBER(SEARCH("chargeback",F15))),1,0) -> 1
A16: T015 | B16: 46085 | C16: Alpha Mart | D16: 130000 | E16: INR | F16: captured | G16: score:52 | I16: U002 | J16: Card | K16: =PROPER(TRIM(SUBSTITUTE(SUBSTITUTE(C16," "," ")," "," "))) -> Alpha Mart | L16: =IF(ISNUMBER(B16),TEXT(B16,"YYYY-MM-DD"),TEXT(DATE(MID(B16,7,4),MID(B16,4,2),LEFT(B16,2)),"YYYY-MM-DD")) -> 2026-03-04 | M16: =IF(OR(LOWER(TRIM(F16))="captured",LOWER(TRIM(F16))="captured "),"captured",IF(ISNUMBER(SEARCH("chargeback",F16)),"chargeback",IF(ISNUMBER(SEARCH("failed",F16)),"failed",LOWER(TRIM(F16))))) -> captured | N16: =IF(ISNUMBER(VALUE(TRIM(G16))),VALUE(TRIM(G16)),IF(ISNUMBER(SEARCH("score:",G16)),VALUE(TRIM(MID(G16,FIND(":",G16)+1,10))),IF(ISNUMBER(SEARCH("risk-",G16)),VALUE(TRIM(MID(G16,FIND("-",G16)+1,10))),""))) -> 52 | O16: =IF(TRIM(E16)="INR","APAC",IF(TRIM(E16)="EUR","EU",IF(TRIM(E16)="USD","US",UPPER(TRIM(H16))))) -> APAC | P16: =IF(E16="INR",D16*0.012,IF(E16="EUR",D16*1.08,D16)) -> 1560 | Q16: =IF(AND(O16="APAC",P16>5000),1,IF(AND(O16="EU",P16>6000),1,IF(AND(O16="US",P16>7000),1,0))) -> 0 | R16: =IF(OR(N16>=70,ISNUMBER(SEARCH("chargeback",F16))),1,0) -> 0
A17: T016 | B17: 46086 | C17: Beta Stores | D17: 220000 | E17: INR | F17: failed E05 timeout | G17: risk-69 | I17: U008 | J17: Card | K17: =PROPER(TRIM(SUBSTITUTE(SUBSTITUTE(C17," "," ")," "," "))) -> Beta Stores | L17: =IF(ISNUMBER(B17),TEXT(B17,"YYYY-MM-DD"),TEXT(DATE(MID(B17,7,4),MID(B17,4,2),LEFT(B17,2)),"YYYY-MM-DD")) -> 2026-03-05 | M17: =IF(OR(LOWER(TRIM(F17))="captured",LOWER(TRIM(F17))="captured "),"captured",IF(ISNUMBER(SEARCH("chargeback",F17)),"chargeback",IF(ISNUMBER(SEARCH("failed",F17)),"failed",LOWER(TRIM(F17))))) -> failed | N17: =IF(ISNUMBER(VALUE(TRIM(G17))),VALUE(TRIM(G17)),IF(ISNUMBER(SEARCH("score:",G17)),VALUE(TRIM(MID(G17,FIND(":",G17)+1,10))),IF(ISNUMBER(SEARCH("risk-",G17)),VALUE(TRIM(MID(G17,FIND("-",G17)+1,10))),""))) -> 69 | O17: =IF(TRIM(E17)="INR","APAC",IF(TRIM(E17)="EUR","EU",IF(TRIM(E17)="USD","US",UPPER(TRIM(H17))))) -> APAC | P17: =IF(E17="INR",D17*0.012,IF(E17="EUR",D17*1.08,D17)) -> 2640 | Q17: =IF(AND(O17="APAC",P17>5000),1,IF(AND(O17="EU",P17>6000),1,IF(AND(O17="US",P17>7000),1,0))) -> 0 | R17: =IF(OR(N17>=70,ISNUMBER(SEARCH("chargeback",F17))),1,0) -> 0
A18: T017 | B18: 46086 | C18: Beta Stores | D18: 180000 | E18: INR | F18: Failed E05 Timeout | G18: score:72 | H18: apac | I18: U008 | J18: Card | K18: =PROPER(TRIM(SUBSTITUTE(SUBSTITUTE(C18," "," ")," "," "))) -> Beta Stores | L18: =IF(ISNUMBER(B18),TEXT(B18,"YYYY-MM-DD"),TEXT(DATE(MID(B18,7,4),MID(B18,4,2),LEFT(B18,2)),"YYYY-MM-DD")) -> 2026-03-05 | M18: =IF(OR(LOWER(TRIM(F18))="captured",LOWER(TRIM(F18))="captured "),"captured",IF(ISNUMBER(SEARCH("chargeback",F18)),"chargeback",IF(ISNUMBER(SEARCH("failed",F18)),"failed",LOWER(TRIM(F18))))) -> failed | N18: =IF(ISNUMBER(VALUE(TRIM(G18))),VALUE(TRIM(G18)),IF(ISNUMBER(SEARCH("score:",G18)),VALUE(TRIM(MID(G18,FIND(":",G18)+1,10))),IF(ISNUMBER(SEARCH("risk-",G18)),VALUE(TRIM(MID(G18,FIND("-",G18)+1,10))),""))) -> 72 | O18: =IF(TRIM(E18)="INR","APAC",IF(TRIM(E18)="EUR","EU",IF(TRIM(E18)="USD","US",UPPER(TRIM(H18))))) -> APAC | P18: =IF(E18="INR",D18*0.012,IF(E18="EUR",D18*1.08,D18)) -> 2160 | Q18: =IF(AND(O18="APAC",P18>5000),1,IF(AND(O18="EU",P18>6000),1,IF(AND(O18="US",P18>7000),1,0))) -> 0 | R18: =IF(OR(N18>=70,ISNUMBER(SEARCH("chargeback",F18))),1,0) -> 1
A19: T018 | B19: 46086 | C19: BETA STORES | D19: 145000 | E19: INR | F19: chargeback | G19: risk-86 | H19: APAC | I19: U008 | J19: UPI | K19: =PROPER(TRIM(SUBSTITUTE(SUBSTITUTE(C19," "," ")," "," "))) -> Beta Stores | L19: =IF(ISNUMBER(B19),TEXT(B19,"YYYY-MM-DD"),TEXT(DATE(MID(B19,7,4),MID(B19,4,2),LEFT(B19,2)),"YYYY-MM-DD")) -> 2026-03-05 | M19: =IF(OR(LOWER(TRIM(F19))="captured",LOWER(TRIM(F19))="captured "),"captured",IF(ISNUMBER(SEARCH("chargeback",F19)),"chargeback",IF(ISNUMBER(SEARCH("failed",F19)),"failed",LOWER(TRIM(F19))))) -> chargeback | N19: =IF(ISNUMBER(VALUE(TRIM(G19))),VALUE(TRIM(G19)),IF(ISNUMBER(SEARCH("score:",G19)),VALUE(TRIM(MID(G19,FIND(":",G19)+1,10))),IF(ISNUMBER(SEARCH("risk-",G19)),VALUE(TRIM(MID(G19,FIND("-",G19)+1,10))),""))) -> 86 | O19: =IF(TRIM(E19)="INR","APAC",IF(TRIM(E19)="EUR","EU",IF(TRIM(E19)="USD","US",UPPER(TRIM(H19))))) -> APAC | P19: =IF(E19="INR",D19*0.012,IF(E19="EUR",D19*1.08,D19)) -> 1740 | Q19: =IF(AND(O19="APAC",P19>5000),1,IF(AND(O19="EU",P19>6000),1,IF(AND(O19="US",P19>7000),1,0))) -> 0 | R19: =IF(OR(N19>=70,ISNUMBER(SEARCH("chargeback",F19))),1,0) -> 1
A20: T019 | B20: 46086 | C20: Alpha Mart | D20: 260000 | E20: INR | F20: Failed E05 Timeout | G20: score:67 | H20: apac | I20: U008 | J20: Wallet | K20: =PROPER(TRIM(SUBSTITUTE(SUBSTITUTE(C20," "," ")," "," "))) -> Alpha Mart | L20: =IF(ISNUMBER(B20),TEXT(B20,"YYYY-MM-DD"),TEXT(DATE(MID(B20,7,4),MID(B20,4,2),LEFT(B20,2)),"YYYY-MM-DD")) -> 2026-03-05 | M20: =IF(OR(LOWER(TRIM(F20))="captured",LOWER(TRIM(F20))="captured "),"captured",IF(ISNUMBER(SEARCH("chargeback",F20)),"chargeback",IF(ISNUMBER(SEARCH("failed",F20)),"failed",LOWER(TRIM(F20))))) -> failed | N20: =IF(ISNUMBER(VALUE(TRIM(G20))),VALUE(TRIM(G20)),IF(ISNUMBER(SEARCH("score:",G20)),VALUE(TRIM(MID(G20,FIND(":",G20)+1,10))),IF(ISNUMBER(SEARCH("risk-",G20)),VALUE(TRIM(MID(G20,FIND("-",G20)+1,10))),""))) -> 67 | O20: =IF(TRIM(E20)="INR","APAC",IF(TRIM(E20)="EUR","EU",IF(TRIM(E20)="USD","US",UPPER(TRIM(H20))))) -> APAC | P20: =IF(E20="INR",D20*0.012,IF(E20="EUR",D20*1.08,D20)) -> 3120 | Q20: =IF(AND(O20="APAC",P20>5000),1,IF(AND(O20="EU",P20>6000),1,IF(AND(O20="US",P20>7000),1,0))) -> 0 | R20: =IF(OR(N20>=70,ISNUMBER(SEARCH("chargeback",F20))),1,0) -> 0
A21: T020 | B21: 46086 | C21: Alpha Mart | D21: 520000 | E21: INR | F21: Captured | G21: 75 | H21: APAC | I21: U005 | J21: UPI | K21: =PROPER(TRIM(SUBSTITUTE(SUBSTITUTE(C21," "," ")," "," "))) -> Alpha Mart | L21: =IF(ISNUMBER(B21),TEXT(B21,"YYYY-MM-DD"),TEXT(DATE(MID(B21,7,4),MID(B21,4,2),LEFT(B21,2)),"YYYY-MM-DD")) -> 2026-03-05 | M21: =IF(OR(LOWER(TRIM(F21))="captured",LOWER(TRIM(F21))="captured "),"captured",IF(ISNUMBER(SEARCH("chargeback",F21)),"chargeback",IF(ISNUMBER(SEARCH("failed",F21)),"failed",LOWER(TRIM(F21))))) -> captured | N21: =IF(ISNUMBER(VALUE(TRIM(G21))),VALUE(TRIM(G21)),IF(ISNUMBER(SEARCH("score:",G21)),VALUE(TRIM(MID(G21,FIND(":",G21)+1,10))),IF(ISNUMBER(SEARCH("risk-",G21)),VALUE(TRIM(MID(G21,FIND("-",G21)+1,10))),""))) -> 75 | O21: =IF(TRIM(E21)="INR","APAC",IF(TRIM(E21)="EUR","EU",IF(TRIM(E21)="USD","US",UPPER(TRIM(H21))))) -> APAC | P21: =IF(E21="INR",D21*0.012,IF(E21="EUR",D21*1.08,D21)) -> 6240 | Q21: =IF(AND(O21="APAC",P21>5000),1,IF(AND(O21="EU",P21>6000),1,IF(AND(O21="US",P21>7000),1,0))) -> 1 | R21: =IF(OR(N21>=70,ISNUMBER(SEARCH("chargeback",F21))),1,0) -> 1
A22: T021 | B22: 46087 | C22: beta stores | D22: 330000 | E22: INR | F22: captured | G22: score:63 | I22: U006 | J22: Card | K22: =PROPER(TRIM(SUBSTITUTE(SUBSTITUTE(C22," "," ")," "," "))) -> Beta Stores | L22: =IF(ISNUMBER(B22),TEXT(B22,"YYYY-MM-DD"),TEXT(DATE(MID(B22,7,4),MID(B22,4,2),LEFT(B22,2)),"YYYY-MM-DD")) -> 2026-03-06 | M22: =IF(OR(LOWER(TRIM(F22))="captured",LOWER(TRIM(F22))="captured "),"captured",IF(ISNUMBER(SEARCH("chargeback",F22)),"chargeback",IF(ISNUMBER(SEARCH("failed",F22)),"failed",LOWER(TRIM(F22))))) -> captured | N22: =IF(ISNUMBER(VALUE(TRIM(G22))),VALUE(TRIM(G22)),IF(ISNUMBER(SEARCH("score:",G22)),VALUE(TRIM(MID(G22,FIND(":",G22)+1,10))),IF(ISNUMBER(SEARCH("risk-",G22)),VALUE(TRIM(MID(G22,FIND("-",G22)+1,10))),""))) -> 63 | O22: =IF(TRIM(E22)="INR","APAC",IF(TRIM(E22)="EUR","EU",IF(TRIM(E22)="USD","US",UPPER(TRIM(H22))))) -> APAC | P22: =IF(E22="INR",D22*0.012,IF(E22="EUR",D22*1.08,D22)) -> 3960 | Q22: =IF(AND(O22="APAC",P22>5000),1,IF(AND(O22="EU",P22>6000),1,IF(AND(O22="US",P22>7000),1,0))) -> 0 | R22: =IF(OR(N22>=70,ISNUMBER(SEARCH("chargeback",F22))),1,0) -> 0
A23: T022 | B23: 46087 | C23: ALPHA MART | D23: 410000 | E23: INR | F23: captured | G23: 60 | H23: APAC | I23: U007 | J23: UPI | K23: =PROPER(TRIM(SUBSTITUTE(SUBSTITUTE(C23," "," ")," "," "))) -> Alpha Mart | L23: =IF(ISNUMBER(B23),TEXT(B23,"YYYY-MM-DD"),TEXT(DATE(MID(B23,7,4),MID(B23,4,2),LEFT(B23,2)),"YYYY-MM-DD")) -> 2026-03-06 | M23: =IF(OR(LOWER(TRIM(F23))="captured",LOWER(TRIM(F23))="captured "),"captured",IF(ISNUMBER(SEARCH("chargeback",F23)),"chargeback",IF(ISNUMBER(SEARCH("failed",F23)),"failed",LOWER(TRIM(F23))))) -> captured | N23: =IF(ISNUMBER(VALUE(TRIM(G23))),VALUE(TRIM(G23)),IF(ISNUMBER(SEARCH("score:",G23)),VALUE(TRIM(MID(G23,FIND(":",G23)+1,10))),IF(ISNUMBER(SEARCH("risk-",G23)),VALUE(TRIM(MID(G23,FIND("-",G23)+1,10))),""))) -> 60 | O23: =IF(TRIM(E23)="INR","APAC",IF(TRIM(E23)="EUR","EU",IF(TRIM(E23)="USD","US",UPPER(TRIM(H23))))) -> APAC | P23: =IF(E23="INR",D23*0.012,IF(E23="EUR",D23*1.08,D23)) -> 4920 | Q23: =IF(AND(O23="APAC",P23>5000),1,IF(AND(O23="EU",P23>6000),1,IF(AND(O23="US",P23>7000),1,0))) -> 0 | R23: =IF(OR(N23>=70,ISNUMBER(SEARCH("chargeback",F23))),1,0) -> 0
A24: T023 | B24: 46082 | C24: City Pharma | D24: 5200 | E24: EUR | F24: Captured | G24: 42 | H24: EU | I24: U003 | J24: Card | K24: =PROPER(TRIM(SUBSTITUTE(SUBSTITUTE(C24," "," ")," "," "))) -> City Pharma | L24: =IF(ISNUMBER(B24),TEXT(B24,"YYYY-MM-DD"),TEXT(DATE(MID(B24,7,4),MID(B24,4,2),LEFT(B24,2)),"YYYY-MM-DD")) -> 2026-03-01 | M24: =IF(OR(LOWER(TRIM(F24))="captured",LOWER(TRIM(F24))="captured "),"captured",IF(ISNUMBER(SEARCH("chargeback",F24)),"chargeback",IF(ISNUMBER(SEARCH("failed",F24)),"failed",LOWER(TRIM(F24))))) -> captured | N24: =IF(ISNUMBER(VALUE(TRIM(G24))),VALUE(TRIM(G24)),IF(ISNUMBER(SEARCH("score:",G24)),VALUE(TRIM(MID(G24,FIND(":",G24)+1,10))),IF(ISNUMBER(SEARCH("risk-",G24)),VALUE(TRIM(MID(G24,FIND("-",G24)+1,10))),""))) -> 42 | O24: =IF(TRIM(E24)="INR","APAC",IF(TRIM(E24)="EUR","EU",IF(TRIM(E24)="USD","US",UPPER(TRIM(H24))))) -> EU | P24: =IF(E24="INR",D24*0.012,IF(E24="EUR",D24*1.08,D24)) -> 5616 | Q24: =IF(AND(O24="APAC",P24>5000),1,IF(AND(O24="EU",P24>6000),1,IF(AND(O24="US",P24>7000),1,0))) -> 0 | R24: =IF(OR(N24>=70,ISNUMBER(SEARCH("chargeback",F24))),1,0) -> 0
A25: T024 | B25: 46083 | C25: Eco Home | D25: 6100 | E25: EUR | F25: chargeback | G25: score:65 | H25: EU | I25: U004 | J25: Card | K25: =PROPER(TRIM(SUBSTITUTE(SUBSTITUTE(C25," "," ")," "," "))) -> Eco Home | L25: =IF(ISNUMBER(B25),TEXT(B25,"YYYY-MM-DD"),TEXT(DATE(MID(B25,7,4),MID(B25,4,2),LEFT(B25,2)),"YYYY-MM-DD")) -> 2026-03-02 | M25: =IF(OR(LOWER(TRIM(F25))="captured",LOWER(TRIM(F25))="captured "),"captured",IF(ISNUMBER(SEARCH("chargeback",F25)),"chargeback",IF(ISNUMBER(SEARCH("failed",F25)),"failed",LOWER(TRIM(F25))))) -> chargeback | N25: =IF(ISNUMBER(VALUE(TRIM(G25))),VALUE(TRIM(G25)),IF(ISNUMBER(SEARCH("score:",G25)),VALUE(TRIM(MID(G25,FIND(":",G25)+1,10))),IF(ISNUMBER(SEARCH("risk-",G25)),VALUE(TRIM(MID(G25,FIND("-",G25)+1,10))),""))) -> 65 | O25: =IF(TRIM(E25)="INR","APAC",IF(TRIM(E25)="EUR","EU",IF(TRIM(E25)="USD","US",UPPER(TRIM(H25))))) -> EU | P25: =IF(E25="INR",D25*0.012,IF(E25="EUR",D25*1.08,D25)) -> 6588 | Q25: =IF(AND(O25="APAC",P25>5000),1,IF(AND(O25="EU",P25>6000),1,IF(AND(O25="US",P25>7000),1,0))) -> 1 | R25: =IF(OR(N25>=70,ISNUMBER(SEARCH("chargeback",F25))),1,0) -> 1
A26: T025 | B26: 46084 | C26: City Pharma | D26: 2800 | E26: EUR | F26: captured | G26: 38 | H26: eu | I26: U005 | J26: Wallet | K26: =PROPER(TRIM(SUBSTITUTE(SUBSTITUTE(C26," "," ")," "," "))) -> City Pharma | L26: =IF(ISNUMBER(B26),TEXT(B26,"YYYY-MM-DD"),TEXT(DATE(MID(B26,7,4),MID(B26,4,2),LEFT(B26,2)),"YYYY-MM-DD")) -> 2026-03-03 | M26: =IF(OR(LOWER(TRIM(F26))="captured",LOWER(TRIM(F26))="captured "),"captured",IF(ISNUMBER(SEARCH("chargeback",F26)),"chargeback",IF(ISNUMBER(SEARCH("failed",F26)),"failed",LOWER(TRIM(F26))))) -> captured | N26: =IF(ISNUMBER(VALUE(TRIM(G26))),VALUE(TRIM(G26)),IF(ISNUMBER(SEARCH("score:",G26)),VALUE(TRIM(MID(G26,FIND(":",G26)+1,10))),IF(ISNUMBER(SEARCH("risk-",G26)),VALUE(TRIM(MID(G26,FIND("-",G26)+1,10))),""))) -> 38 | O26: =IF(TRIM(E26)="INR","APAC",IF(TRIM(E26)="EUR","EU",IF(TRIM(E26)="USD","US",UPPER(TRIM(H26))))) -> EU | P26: =IF(E26="INR",D26*0.012,IF(E26="EUR",D26*1.08,D26)) -> 3024 | Q26: =IF(AND(O26="APAC",P26>5000),1,IF(AND(O26="EU",P26>6000),1,IF(AND(O26="US",P26>7000),1,0))) -> 0 | R26: =IF(OR(N26>=70,ISNUMBER(SEARCH("chargeback",F26))),1,0) -> 0
A27: T026 | B27: 46086 | C27: Eco Home | D27: 3300 | E27: EUR | F27: Failed E05 Timeout | G27: 44 | H27: EU | I27: U006 | J27: NetBanking | K27: =PROPER(TRIM(SUBSTITUTE(SUBSTITUTE(C27," "," ")," "," "))) -> Eco Home | L27: =IF(ISNUMBER(B27),TEXT(B27,"YYYY-MM-DD"),TEXT(DATE(MID(B27,7,4),MID(B27,4,2),LEFT(B27,2)),"YYYY-MM-DD")) -> 2026-03-05 | M27: =IF(OR(LOWER(TRIM(F27))="captured",LOWER(TRIM(F27))="captured "),"captured",IF(ISNUMBER(SEARCH("chargeback",F27)),"chargeback",IF(ISNUMBER(SEARCH("failed",F27)),"failed",LOWER(TRIM(F27))))) -> failed | N27: =IF(ISNUMBER(VALUE(TRIM(G27))),VALUE(TRIM(G27)),IF(ISNUMBER(SEARCH("score:",G27)),VALUE(TRIM(MID(G27,FIND(":",G27)+1,10))),IF(ISNUMBER(SEARCH("risk-",G27)),VALUE(TRIM(MID(G27,FIND("-",G27)+1,10))),""))) -> 44 | O27: =IF(TRIM(E27)="INR","APAC",IF(TRIM(E27)="EUR","EU",IF(TRIM(E27)="USD","US",UPPER(TRIM(H27))))) -> EU | P27: =IF(E27="INR",D27*0.012,IF(E27="EUR",D27*1.08,D27)) -> 3564 | Q27: =IF(AND(O27="APAC",P27>5000),1,IF(AND(O27="EU",P27>6000),1,IF(AND(O27="US",P27>7000),1,0))) -> 0 | R27: =IF(OR(N27>=70,ISNUMBER(SEARCH("chargeback",F27))),1,0) -> 0
A28: T027 | B28: 46082 | C28: DELTA TRAVELS | D28: 7200 | E28: USD | F28: captured | G28: 49 | H28: us | I28: U007 | J28: Card | K28: =PROPER(TRIM(SUBSTITUTE(SUBSTITUTE(C28," "," ")," "," "))) -> Delta Travels | L28: =IF(ISNUMBER(B28),TEXT(B28,"YYYY-MM-DD"),TEXT(DATE(MID(B28,7,4),MID(B28,4,2),LEFT(B28,2)),"YYYY-MM-DD")) -> 2026-03-01 | M28: =IF(OR(LOWER(TRIM(F28))="captured",LOWER(TRIM(F28))="captured "),"captured",IF(ISNUMBER(SEARCH("chargeback",F28)),"chargeback",IF(ISNUMBER(SEARCH("failed",F28)),"failed",LOWER(TRIM(F28))))) -> captured | N28: =IF(ISNUMBER(VALUE(TRIM(G28))),VALUE(TRIM(G28)),IF(ISNUMBER(SEARCH("score:",G28)),VALUE(TRIM(MID(G28,FIND(":",G28)+1,10))),IF(ISNUMBER(SEARCH("risk-",G28)),VALUE(TRIM(MID(G28,FIND("-",G28)+1,10))),""))) -> 49 | O28: =IF(TRIM(E28)="INR","APAC",IF(TRIM(E28)="EUR","EU",IF(TRIM(E28)="USD","US",UPPER(TRIM(H28))))) -> US | P28: =IF(E28="INR",D28*0.012,IF(E28="EUR",D28*1.08,D28)) -> 7200 | Q28: =IF(AND(O28="APAC",P28>5000),1,IF(AND(O28="EU",P28>6000),1,IF(AND(O28="US",P28>7000),1,0))) -> 1 | R28: =IF(OR(N28>=70,ISNUMBER(SEARCH("chargeback",F28))),1,0) -> 0
A29: T028 | B29: 46083 | C29: Delta Travels | D29: 3100 | E29: USD | F29: CAPTURED | G29: risk-41 | H29: US | I29: U008 | J29: Card | K29: =PROPER(TRIM(SUBSTITUTE(SUBSTITUTE(C29," "," ")," "," "))) -> Delta Travels | L29: =IF(ISNUMBER(B29),TEXT(B29,"YYYY-MM-DD"),TEXT(DATE(MID(B29,7,4),MID(B29,4,2),LEFT(B29,2)),"YYYY-MM-DD")) -> 2026-03-02 | M29: =IF(OR(LOWER(TRIM(F29))="captured",LOWER(TRIM(F29))="captured "),"captured",IF(ISNUMBER(SEARCH("chargeback",F29)),"chargeback",IF(ISNUMBER(SEARCH("failed",F29)),"failed",LOWER(TRIM(F29))))) -> captured | N29: =IF(ISNUMBER(VALUE(TRIM(G29))),VALUE(TRIM(G29)),IF(ISNUMBER(SEARCH("score:",G29)),VALUE(TRIM(MID(G29,FIND(":",G29)+1,10))),IF(ISNUMBER(SEARCH("risk-",G29)),VALUE(TRIM(MID(G29,FIND("-",G29)+1,10))),""))) -> 41 | O29: =IF(TRIM(E29)="INR","APAC",IF(TRIM(E29)="EUR","EU",IF(TRIM(E29)="USD","US",UPPER(TRIM(H29))))) -> US | P29: =IF(E29="INR",D29*0.012,IF(E29="EUR",D29*1.08,D29)) -> 3100 | Q29: =IF(AND(O29="APAC",P29>5000),1,IF(AND(O29="EU",P29>6000),1,IF(AND(O29="US",P29>7000),1,0))) -> 0 | R29: =IF(OR(N29>=70,ISNUMBER(SEARCH("chargeback",F29))),1,0) -> 0
A30: T029 | B30: 46085 | C30: delta travels | D30: 2500 | E30: USD | F30: chargeback | G30: score:58 | H30: US | I30: U009 | J30: Wallet | K30: =PROPER(TRIM(SUBSTITUTE(SUBSTITUTE(C30," "," ")," "," "))) -> Delta Travels | L30: =IF(ISNUMBER(B30),TEXT(B30,"YYYY-MM-DD"),TEXT(DATE(MID(B30,7,4),MID(B30,4,2),LEFT(B30,2)),"YYYY-MM-DD")) -> 2026-03-04 | M30: =IF(OR(LOWER(TRIM(F30))="captured",LOWER(TRIM(F30))="captured "),"captured",IF(ISNUMBER(SEARCH("chargeback",F30)),"chargeback",IF(ISNUMBER(SEARCH("failed",F30)),"failed",LOWER(TRIM(F30))))) -> chargeback | N30: =IF(ISNUMBER(VALUE(TRIM(G30))),VALUE(TRIM(G30)),IF(ISNUMBER(SEARCH("score:",G30)),VALUE(TRIM(MID(G30,FIND(":",G30)+1,10))),IF(ISNUMBER(SEARCH("risk-",G30)),VALUE(TRIM(MID(G30,FIND("-",G30)+1,10))),""))) -> 58 | O30: =IF(TRIM(E30)="INR","APAC",IF(TRIM(E30)="EUR","EU",IF(TRIM(E30)="USD","US",UPPER(TRIM(H30))))) -> US | P30: =IF(E30="INR",D30*0.012,IF(E30="EUR",D30*1.08,D30)) -> 2500 | Q30: =IF(AND(O30="APAC",P30>5000),1,IF(AND(O30="EU",P30>6000),1,IF(AND(O30="US",P30>7000),1,0))) -> 0 | R30: =IF(OR(N30>=70,ISNUMBER(SEARCH("chargeback",F30))),1,0) -> 1
A31: T030 | B31: 46087 | C31: DELTA TRAVELS | D31: 1800 | E31: USD | F31: Failed E05 Timeout | G31: score:47 | H31: US | I31: U010 | J31: UPI | K31: =PROPER(TRIM(SUBSTITUTE(SUBSTITUTE(C31," "," ")," "," "))) -> Delta Travels | L31: =IF(ISNUMBER(B31),TEXT(B31,"YYYY-MM-DD"),TEXT(DATE(MID(B31,7,4),MID(B31,4,2),LEFT(B31,2)),"YYYY-MM-DD")) -> 2026-03-06 | M31: =IF(OR(LOWER(TRIM(F31))="captured",LOWER(TRIM(F31))="captured "),"captured",IF(ISNUMBER(SEARCH("chargeback",F31)),"chargeback",IF(ISNUMBER(SEARCH("failed",F31)),"failed",LOWER(TRIM(F31))))) -> failed | N31: =IF(ISNUMBER(VALUE(TRIM(G31))),VALUE(TRIM(G31)),IF(ISNUMBER(SEARCH("score:",G31)),VALUE(TRIM(MID(G31,FIND(":",G31)+1,10))),IF(ISNUMBER(SEARCH("risk-",G31)),VALUE(TRIM(MID(G31,FIND("-",G31)+1,10))),""))) -> 47 | O31: =IF(TRIM(E31)="INR","APAC",IF(TRIM(E31)="EUR","EU",IF(TRIM(E31)="USD","US",UPPER(TRIM(H31))))) -> US | P31: =IF(E31="INR",D31*0.012,IF(E31="EUR",D31*1.08,D31)) -> 1800 | Q31: =IF(AND(O31="APAC",P31>5000),1,IF(AND(O31="EU",P31>6000),1,IF(AND(O31="US",P31>7000),1,0))) -> 0 | R31: =IF(OR(N31>=70,ISNUMBER(SEARCH("chargeback",F31))),1,0) -> 0

Sheet merchant_risk_summary
A1: merchant_name | B1: total_transactions | C1: total_amount_usd | D1: avg_risk_score | E1: high_risk_count
A2: Alpha Mart | B2: =COUNTIF(cleaned!K:K,A2) -> 11 | C2: =SUMIF(cleaned!K:K,A2,cleaned!P:P) -> 41040 | D2: =AVERAGEIF(cleaned!K:K,A2,cleaned!N:N) -> 61.2 | E2: =COUNTIFS(cleaned!K:K,A2,cleaned!R:R,1) -> 2
A3: Beta Stores | B3: =COUNTIF(cleaned!K:K,A3) -> 11 | C3: =SUMIF(cleaned!K:K,A3,cleaned!P:P) -> 41880 | D3: =AVERAGEIF(cleaned!K:K,A3,cleaned!N:N) -> 69.363636 | E3: =COUNTIFS(cleaned!K:K,A3,cleaned!R:R,1) -> 5
A4: City Pharma | B4: =COUNTIF(cleaned!K:K,A4) -> 2 | C4: =SUMIF(cleaned!K:K,A4,cleaned!P:P) -> 8640 | D4: =AVERAGEIF(cleaned!K:K,A4,cleaned!N:N) -> 40 | E4: =COUNTIFS(cleaned!K:K,A4,cleaned!R:R,1) -> 0
A5: Eco Home | B5: =COUNTIF(cleaned!K:K,A5) -> 2 | C5: =SUMIF(cleaned!K:K,A5,cleaned!P:P) -> 10152 | D5: =AVERAGEIF(cleaned!K:K,A5,cleaned!N:N) -> 54.5 | E5: =COUNTIFS(cleaned!K:K,A5,cleaned!R:R,1) -> 1
A6: Delta Travels | B6: =COUNTIF(cleaned!K:K,A6) -> 4 | C6: =SUMIF(cleaned!K:K,A6,cleaned!P:P) -> 14600 | D6: =AVERAGEIF(cleaned!K:K,A6,cleaned!N:N) -> 48.75 | E6: =COUNTIFS(cleaned!K:K,A6,cleaned!R:R,1) -> 1
